IP Address,Port,Protocol,Country
191.81.48.144,999,HTTPS,Argentina
186.13.56.97,8080,HTTPS,Argentina
172.105.184.208,8001,HTTPS,Australia
93.84.70.211,3128,HTTPS,Belarus
186.248.89.6,5005,HTTPS,Brazil
190.26.201.194,8080,HTTPS,Colombia
181.129.2.90,8081,HTTPS,Colombia
177.93.48.165,999,HTTPS,Colombia
181.233.49.147,999,HTTPS,Costa
181.233.49.146,999,HTTPS,Costa
186.5.94.203,999,HTTPS,Ecuador
157.100.12.138,999,HTTPS,Ecuador
45.71.255.77,999,HTTPS,Ecuador
217.146.217.178,3128,HTTPS,Iran
213.233.177.164,3128,HTTPS,Iran
91.98.103.179,3128,HTTPS,Iran
20.223.145.96,3128,HTTPS,United
20.81.62.32,3128,HTTPS,United
124.158.9.185,3128,HTTPS,Vietnam
103.114.104.235,3128,HTTPS,Vietnam
14.161.27.174,8080,HTTPS,Vietnam
